{
  "name": "ESP-DASH",
  "keywords": "EspDash, esp8266, ui, dashboard, user, ux, interface, gui, iot, arduino, Wifi, server",
  "description": "A Cool GUI Dashboard to Manage your ESP Device.",
  "repository":
  {
    "type": "git",
    "url": "https://github.com/ayushsharma82/ESP-DASH.git"
  },
  "authors":
  [
    {
      "name": "Ayush Sharma",
      "email": "asrocks5@gmail.com",
      "maintainer": true
    }
  ],
  "version": "1.0.0",
  "frameworks": "arduino",
  "platforms": "espressif"
}
